"IMCV","Ingresos","Salud","Trabajo","Capital","NivelIngresos"
32.06,0.78,2.55,0.51,3.31,"Bajo"
32.88,0.96,2.62,0.52,3.68,"Bajo"
33.27,1.1,2.65,0.57,3.83,"Bajo"
32.82,1.12118222,2.56910502,0.55203192,3.73986346,"Bajo"
33.53,1.039,3.041,0.485,3.667,"Bajo"
34.77,1.200674,2.82296531,0.66676485,4.03550106,"Bajo"
33.97,1.26851026,2.84562901,0.46860107,3.94121283,"Bajo"
34.75,1.38186723,3.05238925,0.54344588,3.9393158,"Medio"
36.4,0.96,2.99,0.54,4.08,"Bajo"
35.87,0.94,2.65,0.52,3.97,"Bajo"
36.06,1.01,2.92,0.63,4.3,"Bajo"
35.85,1.16518345,2.65890443,0.59984982,4.20046085,"Bajo"
35.96,1.096,3.205,0.507,3.874,"Bajo"
36.89,1.32749611,2.78815013,0.63056684,4.30684505,"Medio"
36.6,1.33911342,2.75350054,0.54875395,4.26689711,"Medio"
37.08,1.4088199,2.95535642,0.54503566,4.3397839,"Medio"
35.78,1.03,2.93,0.5,4.13,"Bajo"
36.83,1.1,2.88,0.54,4.4,"Bajo"
36.49,1.23,2.76,0.59,4.34,"Bajo"
38.44,1.30441615,3.19501079,0.58643288,4.65730451,"Bajo"
37.93,1.105,3.46,0.584,4.306,"Bajo"
37.72,1.42797087,2.98439432,0.59487042,4.47341826,"Medio"
37.28,1.45857864,3.01114154,0.47573102,4.28555217,"Medio"
37.45,1.49125639,3.02678328,0.46543715,4.39790909,"Medio"
41.48,1.24,3.09,0.6,5.35,"Bajo"
41.78,1.24,2.93,0.55,5.08,"Bajo"
41.6,1.29,2.75,0.6,5.06,"Bajo"
42.45,1.45896594,3.06753202,0.55132982,5.41696031,"Medio"
44.29,1.249,3.757,0.604,5.267,"Bajo"
43.73,1.56115549,3.21421742,0.62118662,5.73550153,"Medio"
43.27,1.55838615,3.03674124,0.44258966,5.42125846,"Medio"
44.12,1.66135453,3.19028968,0.51217071,5.61176313,"Medio"
47.73,1.42,3.64,0.58,6.17,"Medio"
46.67,1.56,3.18,0.59,6.02,"Medio"
48.19,1.68,3.68,0.67,6.38,"Medio"
47.49,1.65554157,3.31640328,0.61513536,6.15162382,"Medio"
46.9,1.453,3.672,0.6,5.95,"Medio"
48.69,1.82785,3.43813872,0.71275689,6.4531663,"Alto"
46.81,1.59774013,3.1792669,0.45836645,6.07955592,"Medio"
48.06,1.88785752,3.36078239,0.5956351,6.32139183,"Alto"
38.57,1.15,3.06,0.58,4.73,"Bajo"
39.68,1.14,3.11,0.53,4.65,"Bajo"
39.04,1.19,2.93,0.58,4.71,"Bajo"
40.29,1.3450975,3.12001399,0.57732509,4.85610308,"Medio"
40.12,1.163,3.504,0.566,4.698,"Bajo"
41.43,1.50543678,3.13065652,0.60616289,5.14421796,"Medio"
39.99,1.45667884,3.06178059,0.5077605,4.81510838,"Medio"
40.79,1.54754337,3.15190368,0.489709,4.96423164,"Medio"
43.84,1.5,3.46,0.58,5.72,"Medio"
44.04,1.41,3.07,0.54,5.45,"Medio"
44.62,1.69,3.42,0.67,5.89,"Medio"
45.09,1.71588413,3.31394069,0.70067238,5.90184979,"Medio"
44.16,1.44,3.631,0.546,5.427,"Medio"
45.64,1.78246025,3.40876849,0.65309594,5.95940154,"Alto"
44.9,1.64697705,3.22163128,0.54198533,5.71611762,"Medio"
46.12,1.83385953,3.53759165,0.52267041,5.91743343,"Alto"
36.57,1.04,2.9,0.53,4.35,"Bajo"
36.47,1.06,2.7,0.49,4.19,"Bajo"
37.94,1.25,3.14,0.61,4.68,"Bajo"
37.95,1.30713016,3.02002063,0.57556357,4.66572233,"Bajo"
39.14,1.41,3.576,0.597,4.502,"Medio"
38.76,1.38811875,3.076058,0.59614562,4.72186835,"Medio"
38.41,1.32155278,2.95170784,0.52801431,4.56357022,"Bajo"
39.67,1.52845429,3.11298307,0.49379933,4.89732949,"Medio"
48.89,1.57,3.68,0.64,6.37,"Medio"
49.2,1.78,3.52,0.62,6.69,"Alto"
48.23,1.71,3.41,0.69,6.66,"Medio"
49.07,1.87718539,3.39827998,0.72714727,6.52651971,"Alto"
49.21,1.854,3.729,0.625,6.244,"Alto"
49.39,1.89978218,3.59894349,0.68250503,6.6490335,"Alto"
48.21,1.77500643,3.38616341,0.57938653,6.33095572,"Alto"
49.91,1.98633007,3.62413597,0.56155075,6.63996866,"Alto"
56.23,1.95,3.76,0.62,7.6,"Alto"
57.49,2.3,3.56,0.69,7.9,"Alto"
56.76,2.42,3.6,0.8,7.85,"Alto"
56.95,2.23602642,3.61844015,0.67783945,7.89471963,"Alto"
54.67,1.887,3.645,0.718,7.039,"Alto"
55.91,2.36583008,3.67744338,0.71554135,7.59654405,"Alto"
55.29,2.18881306,3.49687464,0.56732667,7.33667139,"Alto"
56.42,2.31554576,3.65559484,0.57441485,7.52440672,"Alto"
70.87,2.93,4.31,0.69,10.9,"Alto"
69.85,2.93,3.96,0.69,10.66,"Alto"
69.19,2.89,4.18,0.64,10.82,"Alto"
70.1,3.07801262,4.11696899,0.65192592,10.96145482,"Alto"
67.46,2.564,3.526,0.648,9.612,"Alto"
70.38,3.0684004,4.18269494,0.70083831,10.89643674,"Alto"
68.91,2.90017278,3.98752781,0.58238189,10.44443453,"Alto"
69.62,3.11213127,4.13656588,0.49361631,10.52543071,"Alto"
62.25,2.58,4.08,0.66,9.04,"Alto"
62.72,2.56,3.88,0.61,9.06,"Alto"
62.14,2.41,3.86,0.73,9.22,"Alto"
63,2.49083617,4.0061841,0.69099132,9.23268087,"Alto"
59.79,1.921,3.682,0.587,7.966,"Alto"
63.46,2.57034175,4.02046818,0.69706305,9.33637167,"Alto"
62.19,2.50252633,3.8016445,0.58299159,8.9423613,"Alto"
61.94,2.66073127,3.98691527,0.53029332,8.8329948,"Alto"
37.19,1.21,3.1,0.55,4.65,"Bajo"
38.3,1.24,2.97,0.58,4.65,"Bajo"
38.61,1.35,3.2,0.62,4.96,"Medio"
39.2,1.42119233,3.158748,0.59198895,4.9595123,"Medio"
39.54,1.169,3.344,0.524,4.477,"Bajo"
39.23,1.57346577,3.15893545,0.61700804,5.02329831,"Medio"
40.06,1.46750609,3.00602185,0.52189836,4.80260828,"Medio"
40.42,1.67374926,3.18444359,0.52460724,4.97775369,"Medio"
76.63,3.54,4.43,0.83,12.74,"Alto"
76.62,3.5,4.32,0.8,12.77,"Alto"
75.73,3.52,4.42,0.82,12.86,"Alto"
75.85,3.6534117,4.25943652,0.76464421,12.74771769,"Alto"
74.64,3.231,4.272,0.799,12.323,"Alto"
75.48,3.4632878,4.33041648,0.72804567,12.39221408,"Alto"
75.34,3.50139123,4.17218566,0.76342841,12.34120111,"Alto"
76.6,3.64106194,4.4239942,0.66804481,12.74137222,"Alto"
50.63,1.58,3.46,0.65,6.84,"Medio"
51.02,1.66,3.45,0.58,6.79,"Medio"
51.03,1.79,3.48,0.69,6.94,"Alto"
51.97,1.90345892,3.66268516,0.64970973,7.03215054,"Alto"
51.03,1.595,3.715,0.626,6.793,"Medio"
49.39,1.76755891,3.39902963,0.55752597,6.83225543,"Alto"
50.99,1.75475882,3.64670199,0.49991216,6.93600627,"Alto"
52.35,2.04073059,3.75404816,0.6455502,6.86325294,"Alto"
57.15,2.11,4.04,0.6,8.36,"Alto"
57.07,2.29,3.77,0.63,8.28,"Alto"
56.86,2.31,3.74,0.73,8.48,"Alto"
57.46,2.37745736,3.82385734,0.64859976,8.407093,"Alto"
55.46,1.965,3.758,0.615,7.595,"Alto"
56.67,2.30902234,3.85961045,0.65146135,8.21026985,"Alto"
56.11,2.18405571,3.74457449,0.60754387,7.89106499,"Alto"
57.43,2.477536,3.9227724,0.57943043,8.18702973,"Alto"
32.28,0.62,1.95,0.39,3.32,"Bajo"
34.82,0.66,2.17,0.7,3.2,"Bajo"
35.11,0.96,2.35,0.84,3.78,"Bajo"
35.94,1.01738491,2.79176038,0.65076604,4.35930377,"Bajo"
36.64,1.006,2.662,0.829,3.389,"Bajo"
37.71,1.39427442,2.62176667,0.77489302,4.34846047,"Medio"
37.09,1.1088275,2.2981575,0.5704925,4.52805385,"Bajo"
39.22,1.31698421,3.03471714,0.57799211,4.35730789,"Bajo"
38.31,1.01,2.89,0.63,4.49,"Bajo"
38.63,1.12,2.92,0.53,4.44,"Bajo"
39.58,1.31,2.82,0.69,4.81,"Bajo"
39.96,1.28366133,2.94908571,0.65273941,4.97234617,"Bajo"
40.82,1.364,3.384,0.601,4.645,"Medio"
39.69,1.31947481,2.60449451,0.70591589,4.96976148,"Bajo"
40.38,1.44767992,2.97506601,0.59083591,4.80349336,"Medio"
38.76,1.48386615,2.8330588,0.57572879,4.61836349,"Medio"
34.01,0.85,2.9,0.58,3.71,"Bajo"
34.55,0.85,2.89,0.42,3.74,"Bajo"
35.22,1.3,3.03,0.71,3.94,"Bajo"
36.75,1.2073208,2.84713934,0.5786432,4.220996,"Bajo"
42.5,1.344,3.64,0.54,5.048,"Medio"
45.06,1.71300093,3.41662617,0.68238505,6.0487271,"Medio"
43.62,1.436653,2.99309388,0.420285,5.33537,"Medio"
39.44,1.37664257,3.13402022,0.46009604,4.50336238,"Medio"
42.64,1.24,3.67,0.58,5.26,"Bajo"
41.65,1.26,3.11,0.63,5.02,"Bajo"
42.66,1.38,3.43,0.7,5.34,"Medio"
42.87,1.44054717,3.36437298,0.59212809,5.25193774,"Medio"
41.97,1.273,3.555,0.565,4.914,"Bajo"
44.77,1.66218755,3.43261646,0.74633444,5.6954668,"Medio"
43.96,1.56083222,3.40601429,0.62845792,5.50712625,"Medio"
45.7,1.747405,3.66047371,0.61319333,5.61827083,"Medio"
43.98,1.3,3.14,0.7,5.32,"Bajo"
42.83,1.28,2.75,0.89,4.59,"Bajo"
41.76,1.54,2.68,0.85,5.7,"Medio"
42.94,1.40661512,3.01577093,0.58662326,5.57306353,"Medio"
38.18,1.249,3.055,0.705,3.706,"Bajo"
37.19,1.28354125,2.90546962,0.80380617,4.53541852,"Bajo"
39.5,1.41284932,3.16558429,0.57189589,4.99144,"Medio"
45.57,1.77016849,3.0677,0.60550548,6.24585616,"Alto"
